sample_id,label,measure,cuong,hoang,dai,agree
BDD04,drivable_area,count,1,1,1,1
BDD04,drivable_area,attr:area_type,__undefined__,undefined,direct,0
BDD04,drivable_area,attr:needs_review,false,false,false,1
BDD05,drivable_area,count,1,1,1,1
BDD05,drivable_area,attr:area_type,__undefined__,undefined,direct,0
BDD05,drivable_area,attr:needs_review,false,false,false,1
BDD11,drivable_area,count,1,1,1,1
BDD11,drivable_area,attr:area_type,__undefined__,undefined,direct,0
BDD11,drivable_area,attr:needs_review,false,false,false,1
BDD13,drivable_area,count,1,1,1,1
BDD13,drivable_area,attr:area_type,__undefined__,undefined,direct,0
BDD13,drivable_area,attr:needs_review,false,false,false,1
BDD17,drivable_area,count,1,1,4,0
BDD17,drivable_area,attr:area_type,__undefined__,undefined,alternative|alternative|alternative|direct,0
BDD17,drivable_area,attr:needs_review,false,false,false|false|false|false,0
BDD18,drivable_area,count,1,1,2,0
BDD18,drivable_area,attr:area_type,__undefined__,undefined,alternative|direct,0
BDD18,drivable_area,attr:needs_review,false,false,true|true,0
BDD20,drivable_area,count,1,1,1,1
BDD20,drivable_area,attr:area_type,__undefined__,undefined,direct,0
BDD20,drivable_area,attr:needs_review,false,false,false,1
