sample_id,decision_id,expected,severity,kind,peer_evidence,correct,note
BDD03,d1,label=drivable_area x2,major,decision,drivable_area [area_type=alternative;needs_review=false] | drivable_area [area_type=direct;needs_review=false],1,"Đúng: có 2 polygon drivable_area."
BDD03,d2,area_type=direct x1 and alternative x1; needs_review=false on both,critical,decision,drivable_area [area_type=alternative;needs_review=false] | drivable_area [area_type=direct;needs_review=false],1,"Đúng: direct x1, alternative x1; needs_review=false cả hai."
BDD03,d3,geometry: direct and alternative polygons split at the lane marking; ego hood and grass outside road are excluded,minor,geometry,drivable_area [area_type=alternative;needs_review=false] | drivable_area [area_type=direct;needs_review=false],1,"Đúng theo ảnh: ranh giới theo lane marking; hood và grass để ngoài."
BDD10,d1,label=drivable_area x4,major,decision,drivable_area [area_type=direct;needs_review=false],0,"Sai số lượng: export có 1 polygon, gold yêu cầu 4."
BDD10,d2,area_type=direct x1 and alternative x3; needs_review=false on all polygons,critical,decision,drivable_area [area_type=direct;needs_review=false],0,"Sai semantic coverage: chỉ direct x1, thiếu alternative x3."
BDD10,d3,geometry: curbside sidewalk and parked-vehicle bodies remain outside the drivable polygons,minor,geometry,drivable_area [area_type=direct;needs_review=false],0,"Polygon kéo xuống y719 qua mép hood và không bám chính xác curb/parked strip."
BDD21,d1,label=drivable_area x3,major,decision,drivable_area [area_type=alternative;needs_review=false]×2 | drivable_area [area_type=direct;needs_review=false],1,"Đúng: có 3 polygon."
BDD21,d2,area_type=direct x1 and alternative x2; needs_review=false on all polygons,critical,decision,drivable_area [area_type=alternative;needs_review=false]×2 | drivable_area [area_type=direct;needs_review=false],1,"Đúng: direct x1, alternative x2; needs_review=false cả ba."
BDD21,d3,geometry: right-side guardrail and separated roadside area are excluded,minor,geometry,drivable_area [area_type=alternative;needs_review=false]×2 | drivable_area [area_type=direct;needs_review=false],1,"Đúng: polygon dừng trước guardrail và roadside phía phải."
BDD24,d1,label=drivable_area x2,major,decision,drivable_area [area_type=alternative;needs_review=false] | drivable_area [area_type=direct;needs_review=false],1,"Đúng: có 2 polygon."
BDD24,d2,area_type=direct x1 and alternative x1; needs_review=false on both,critical,decision,drivable_area [area_type=alternative;needs_review=false] | drivable_area [area_type=direct;needs_review=false],1,"Đúng: direct x1, alternative x1; needs_review=false cả hai."
BDD24,d3,IGNORE snowbanks sidewalk and parked-vehicle bodies,critical,decision,drivable_area [area_type=alternative;needs_review=false] | drivable_area [area_type=direct;needs_review=false],0,"Polygon alternative chồng lên snowbank ở phía phải."
BDD24,d4,geometry: polygons follow visible wet-road/snowbank contact without extending into snowbank,minor,geometry,drivable_area [area_type=alternative;needs_review=false] | drivable_area [area_type=direct;needs_review=false],0,"Đường biên alternative đi vào snowbank, không theo ranh wet-road/snowbank."
BDD26,d1,label=drivable_area x2,major,decision,drivable_area [area_type=alternative;needs_review=false] | drivable_area [area_type=direct;needs_review=false],1,"Đúng: có 2 polygon."
BDD26,d2,area_type=direct x1 and alternative x1; needs_review=false on both,critical,decision,drivable_area [area_type=alternative;needs_review=false] | drivable_area [area_type=direct;needs_review=false],1,"Đúng: direct x1, alternative x1; needs_review=false cả hai."
BDD26,d3,IGNORE dark areas outside evidenced road surface and parked-vehicle bodies,critical,decision,drivable_area [area_type=alternative;needs_review=false] | drivable_area [area_type=direct;needs_review=false],0,"Polygon có đỉnh tới y266–281 phía trên vùng roadway có bằng chứng, tô vùng tối ngoài mặt đường."
BDD26,d4,no polygon keeps area_type=undefined or __undefined__,major,decision,drivable_area [area_type=alternative;needs_review=false] | drivable_area [area_type=direct;needs_review=false],1,"Đúng: tất cả polygon đều có area_type direct hoặc alternative."
